"dipole_mom","dipole_loc","dipole_freq","low_success","low_count","medium_success","medium_count","high_success","high_count"
"(-6.16839537956168, -6.18034685302644, 0.45065887606157184)","(-3.73879622353952, 3.371499240013044, 4.1362326261982645)","1","154","13500","174","13500","141","13500"
"(6.174667043556438, 6.336202980594002, 2.4958220347329623)","(-8.148859083510967, 3.6968131093195353, 3.7702726234713078)","2","719","13500","747","13500","724","13500"
"(3.608956372981022, -2.0951988991900077, -0.29421992676982156)","(3.573650082677384, -9.368498412102449, 4.46864529948172)","3","600","13500","674","13500","792","13500"
"(5.082322693160297, -3.7982625668861587, -5.529377336641543)","(-2.2936623215085072, -6.239557703119452, 3.9482460970876017)","4","776","13500","611","13500","458","13500"
"(8.409995998700815, -3.2224394558538725, -0.4327015578525425)","(-0.081531901811287, -0.5041132949873877, 4.121705478826287)","5","68","13500","48","13500","0","13500"
"(3.2487256809913414, 2.0956177477119664, 3.055911236386847)","(-8.774289727975598, -3.95159042580691, 4.274447404072161)","6","682","13500","794","13500","1006","13500"
"(1.6803517653056426, 5.004816849346787, -2.5453624256732663)","(0.24019628199513754, 9.352393431383653, 3.5411114005007343)","7","488","13500","569","13500","538","13500"
"(-5.3631643483435925, -7.392714848183142, -0.35345841926220234)","(-8.55126342036379, -5.277948483201045, 3.544409893485965)","8","386","13500","349","13500","384","13500"
"(-2.088041340867869, -1.417158200235787, -8.611496316364478)","(-6.230585021981636, -8.161150785514625, 4.229834430803789)","9","970","13500","1058","13500","1068","13500"
"(1.9621473273796497, 2.5349620919141334, 3.341103068928371)","(-0.9134806790737926, -4.3291668398816485, 4.392061300761365)","10","548","13500","530","13500","316","13500"
"(-1.6322513926669313, -1.0847514333253572, -9.288258270896861)","(-8.448895118069297, 5.732398768239946, 4.213759032569264)","11","842","13500","881","13500","902","13500"
"(3.9481297719943638, 4.507810776715989, -5.709918951334119)","(-4.1315207286021245, 9.170651848195138, 4.441047450511733)","12","7692","13500","7616","13500","7741","13500"
"(6.369749097200515, -6.978053871587953, 0.4955446250532843)","(-6.239966859100619, 8.423719070951016, 4.2820375417276635)","13","336","13500","416","13500","496","13500"
"(3.196731644049891, 4.298110174247948, 6.115139818740193)","(8.755512984757075, 3.29622966664574, 3.809217881300216)","14","328","13500","305","13500","272","13500"
"(-1.7761249032812005, 6.94680873682224, -0.8585495821127017)","(-3.9472654101927613, 1.3657338898850675, 3.648963992377148)","15","252","13500","206","13500","88","13500"
"(-1.951230216244639, -9.1812215776026, -2.6482034312090104)","(9.26053760101319, -1.7925555221277616, 4.446180364967014)","16","808","13500","804","13500","720","13500"
"(-7.373793882449, 4.641080906868707, -4.065664647502973)","(1.359292030451364, 2.6076146812770773, 4.077208092443877)","17","230","13500","125","13500","62","13500"
"(4.99666337182169, -4.24706596552135, -6.48086516774026)","(-7.79046143844579, -9.238914044181318, 4.123324076664045)","18","932","13500","948","13500","1074","13500"
"(1.3118180219979787, 7.882624311829391, -1.4113523986813743)","(-7.453090521787063, -2.6911428138874083, 3.5764874973745453)","19","358","13500","342","13500","330","13500"
"(-3.9156627126021823, 3.652991774629386, -1.9620621102293458)","(-6.722240407200426, -8.64966445122025, 4.4022558010603845)","20","7257","13500","7359","13500","7280","13500"
"(-2.5778287153467607, -4.3502613369287015, 5.854048768560913)","(-7.359360429044108, 1.3532276629995366, 4.346230679700137)","21","496","13500","534","13500","400","13500"
"(-5.206369872326459, -6.862294652251791, 1.8329467929417802)","(8.158983191490407, -5.797619127417697, 3.5768271334601334)","22","862","13500","980","13500","1060","13500"
"(-5.0117372804933815, -7.0423030129922015, -4.725774627569535)","(-1.9099901351358142, 4.07062194106569, 3.7991304425931878)","23","164","13500","20","13500","0","13500"
"(-0.07972750515058172, -2.1507969823346125, -2.226619760098137)","(9.1376884914155, -4.709563135970127, 3.735049549357491)","24","7232","13500","7362","13500","7171","13500"
"(-5.144365593723058, -3.9475841795629956, 5.748537236527811)","(4.492936798487648, 5.405570485218924, 4.158404586642079)","25","594","13500","642","13500","718","13500"
"(-2.8546031170069313, 0.5833065875776039, -3.095171574758373)","(-5.5292166949492945, 7.71333968827587, 4.133669398747843)","26","6994","13500","7097","13500","7255","13500"
"(5.81158461851278, -5.278637454162237, -0.4699498074220259)","(0.27490535385172166, -2.94896479221181, 3.8067628826265483)","27","118","13500","107","13500","18","13500"
"(6.193700828136645, -7.345996428812407, -1.4498287440254478)","(-7.3197391451383975, 4.222266233112602, 4.096141254209892)","28","259","13500","217","13500","218","13500"
"(-0.8468106221680349, 2.731941481584685, -5.616223146422884)","(-8.692467537573778, -9.835520229056538, 4.115164996525969)","29","861","13500","952","13500","994","13500"
"(-2.0585522204922877, -3.166022041593507, -3.4697012285097357)","(5.348765264656576, 3.5458959074419543, 4.026964642746904)","30","410","13500","428","13500","248","13500"
"(4.812008642325896, -2.368003672186463, -1.8370090427451913)","(6.0236705899332605, -9.488564431728559, 3.976335121962416)","31","754","13500","850","13500","1036","13500"
"(1.6461391837144563, -2.841645878882412, 0.5209585611647601)","(5.93514945457345, 4.192156575049314, 4.0328242152473575)","32","7727","13500","7669","13500","7797","13500"
"(-6.562873450942225, 6.740461010180645, -1.341338985974318)","(-4.715299036869887, -8.699310447605367, 3.829932403898407)","33","772","13500","866","13500","832","13500"
"(-2.4775967223805586, -3.616813244601252, 3.589572998363035)","(2.389311028750287, -2.782794574475247, 4.166681852749758)","34","264","13500","169","13500","60","13500"
"(6.8400907210185045, 4.865544157218578, -4.543209469780238)","(-6.4600132858744, 0.36685131780962266, 4.367233343362649)","35","162","13500","151","13500","52","13500"
"(-5.49420233352331, -5.950327573070705, -2.533513958811733)","(0.6167471675436804, 0.3122728573202096, 4.0455446719747625)","36","86","13500","44","13500","46","13500"
"(-3.0779321139474503, 0.598776276356238, 3.2044621788916294)","(2.884969811733722, 8.942590952868436, 3.6512019638735502)","37","6924","13500","7044","13500","7199","13500"
"(6.817310254485522, 3.2164565226087194, -2.6851546079932573)","(2.9499823006298413, -5.1348163513117395, 4.033771088202341)","38","667","13500","586","13500","494","13500"
"(-4.021089956271416, -0.036385983191528595, 5.983689263284422)","(-5.111207386636909, 2.0241367480477397, 3.5376057326904884)","39","183","13500","82","13500","40","13500"
"(6.27694957435399, -4.8450251924621925, -2.8211883138666773)","(2.6354088333013603, -8.303830407416768, 4.2040812393302645)","40","492","13500","636","13500","636","13500"
"(-2.1713050868537924, 3.479434265608742, -3.4011767764243266)","(-2.085538400893703, 9.72883978457127, 3.7189248267994266)","41","3537","13500","3951","13500","4237","13500"
"(9.284568375936827, -0.6249050005798358, -3.4554742135312515)","(4.190583166123627, -5.264495618539502, 4.330133260273236)","42","642","13500","680","13500","568","13500"
"(-3.4561911324936974, 8.803435409087774, -3.0159146597384203)","(9.757401506490893, -6.724744448930706, 3.530541147115256)","43","478","13500","544","13500","505","13500"
"(-3.13701054327241, 5.460473277529024, 0.5614734942843335)","(1.1058416777136042, -1.1413164937225329, 4.0895307217804655)","44","154","13500","86","13500","32","13500"
"(-1.3174051820930006, -1.6114801652920774, 2.7961390015971985)","(7.285423259682375, -9.952254874642488, 3.683929474011751)","45","7098","13500","7205","13500","7104","13500"
"(-1.7655276732001988, 1.18719782051, -2.518611747842831)","(9.78284894165207, -5.663255080032272, 4.056348386272607)","46","816","13500","890","13500","960","13500"
"(1.0919733029299443, -5.724243920421176, -7.088990662247247)","(5.562311230771858, 2.5282376760751006, 4.247232513859933)","47","296","13500","245","13500","122","13500"
"(0.5194212575207041, -1.463526786878611, -7.357970218727399)","(9.20607059288566, -3.2785142400442098, 4.471086963443776)","48","917","13500","958","13500","988","13500"
"(-4.962706785155434, 3.9403096504049087, 0.003743892391732344)","(-3.3722668908550313, -2.3615543293545382, 3.93581059253161)","49","374","13500","379","13500","297","13500"
"(1.4963199271523089, 3.2485115250363537, -2.9779288846083847)","(-9.15846583043432, 0.024675242971561318, 4.206343827028576)","50","840","13500","888","13500","940","13500"
"(8.102516716508365, 1.1651658547979684, 1.2668471211616792)","(-3.7330945554224426, -9.46442129767653, 3.6100795184952794)","51","806","13500","878","13500","964","13500"
"(4.7730256321204285, -4.60919321112888, -4.890263458301365)","(4.270487904137967, 4.398824030761798, 4.191047548622201)","52","462","13500","329","13500","262","13500"
"(-4.491434560114916, -0.34825427521823216, -4.314267386986976)","(-8.617454340229152, 2.745781718760318, 3.963810649309446)","53","7540","13500","7654","13500","7724","13500"
"(1.8044939743344608, -0.6894868505672775, -2.3175568910690307)","(-2.844961682723241, -6.136096395690704, 3.6587524888935086)","54","870","13500","839","13500","961","13500"
"(-1.722856156127666, -8.53407339445032, 1.2673559203876146)","(0.5650722562581496, -9.448459161528246, 4.1146168706626085)","55","395","13500","378","13500","352","13500"
"(-2.872897933253114, 2.662780703894132, 1.3815375272780426)","(6.965114184327298, -9.479905536150504, 3.5024319403819977)","56","5022","13500","5228","13500","5522","13500"
"(4.961408198950212, 5.892224502113003, -2.756339522018841)","(-5.762959837451234, -1.645141339732481, 4.258162443059694)","57","202","13500","179","13500","154","13500"
"(3.9190180812898436, 5.756567924027287, 2.662298108590971)","(6.432946787378388, -6.294916797640719, 3.6191399433325833)","58","7994","13500","7946","13500","7935","13500"
"(-3.8466611324636957, 1.4309328393434502, -6.175862210415548)","(-7.016881145654239, 2.852729879219476, 4.494639122267188)","59","7342","13500","7326","13500","7422","13500"
"(0.11186440073433994, 7.180237594810335, -6.3051095088848275)","(9.408054184045568, 1.2897848857038081, 4.33733515125617)","60","851","13500","920","13500","933","13500"
"(-8.147341139048859, -0.5616387389178971, 3.4634006477660435)","(-2.155971018977361, 2.466361547405791, 3.661586254283502)","61","82","13500","32","13500","6","13500"
"(4.504825777771923, 4.342414798289936, 4.422358492735073)","(8.705750824699695, 2.20960049248815, 4.455675768748234)","62","338","13500","326","13500","338","13500"
"(5.98509708335786, -2.941130387233096, 3.6107518737927324)","(-1.6181229860874584, -9.511427113228256, 3.8100859026859237)","63","762","13500","848","13500","914","13500"
"(2.970573043619998, 8.111482493217547, 0.7997978360716533)","(9.561107172035946, -3.1986272195530923, 3.8861418650729815)","64","7292","13500","7310","13500","7332","13500"
"(-5.743042093983852, -4.062859201638838, -6.6166903630132845)","(-4.729213791288512, 3.612948973708569, 4.43417049942597)","65","533","13500","434","13500","293","13500"
"(9.141606089090251, -0.6267754516637671, 0.5690797153683173)","(6.3395165320932065, -0.6219172778834405, 4.382163366000168)","66","266","13500","175","13500","140","13500"
"(-3.041385270490991, -6.331114292452659, -4.5718680364050845)","(6.55742329074036, 8.675141109643484, 3.5897485612162314)","67","678","13500","701","13500","624","13500"
"(5.644539025942162, 2.547634103825204, 3.5687834389563107)","(8.959573032986103, 0.1499889519952795, 4.0634283101385895)","68","372","13500","440","13500","410","13500"
"(6.03337783576765, -4.610648514788624, -4.554616103230079)","(-7.024730046400114, -3.3087563249793455, 4.075891736949058)","69","732","13500","577","13500","447","13500"
"(0.6302683573389296, 2.1127998362650975, 9.21014850283742)","(5.621709855128405, 0.11782441441767588, 4.257532606948004)","70","190","13500","132","13500","60","13500"
"(-6.528661516244151, -5.100348875256412, 4.479149993654501)","(-7.191720112559279, -5.374217611312808, 4.444583707721159)","71","478","13500","382","13500","376","13500"
"(3.152035400955325, 5.669539376964033, -6.4917691173149095)","(-9.758400537394163, 4.737267583766966, 4.162401679758397)","72","871","13500","953","13500","1012","13500"
"(-6.357920048515486, -5.136931250419799, 5.03071179227527)","(7.485302688493533, 3.7149382387529037, 4.222287460137179)","73","496","13500","565","13500","759","13500"
"(-2.5013159423316518, -2.2595060942354723, 1.3182117007816685)","(-5.6938559512371985, 2.115097486355932, 4.287916014601678)","74","798","13500","818","13500","735","13500"
"(-3.643546563144299, -0.294751758173318, -1.6028943758171061)","(8.350392970061094, 4.4019663509947335, 3.814357667019697)","75","772","13500","860","13500","941","13500"
"(-7.193529632890411, -3.6605715041552065, 4.788537984910783)","(-7.735775022726868, 0.3128395097308623, 4.280243244114823)","76","383","13500","316","13500","284","13500"
"(-1.7905031119297112, -6.095577862756382, 5.654517951933622)","(-9.320733509956774, -9.333086658145985, 4.156067928514263)","77","748","13500","814","13500","970","13500"
"(-0.28524685575776343, 7.280224841477887, -5.9646668281522786)","(2.7769339617978837, -3.0432421078300287, 4.031763929955411)","78","96","13500","38","13500","0","13500"
"(1.2844218620659693, 5.487574123299404, 3.8778283531959032)","(-0.5018568265290551, 7.391877406290462, 4.0084340484527585)","79","376","13500","356","13500","302","13500"
"(5.681853645098174, -4.759785445878397, 2.4261518844078673)","(1.084802872054702, -4.626906761144836, 4.359582224876295)","80","276","13500","177","13500","220","13500"
"(0.92323385474089, 1.9026891663899854, 2.119049640511452)","(2.9397096354655954, 3.748272614920685, 4.457937412570196)","81","630","13500","694","13500","572","13500"
"(-4.415455221140206, 2.2428175589358044, -7.715624227573728)","(3.263367677651356, -1.8905175302111346, 3.9804045483280226)","82","28","13500","32","13500","2","13500"
"(-8.220735534427307, -3.843884719032048, 3.054999379085758)","(1.4894309953807223, 4.1410257071641325, 3.585275538393951)","83","292","13500","240","13500","122","13500"
"(-9.704663448286606, -1.8877811524861352, -0.044528018865547435)","(-3.904235403156311, -1.2918663483177433, 4.430571210618315)","84","259","13500","187","13500","178","13500"
"(-7.842122574039736, -3.3862153067430825, -2.3560867723825405)","(-8.564030513629685, 1.465163892954637, 3.594744814643586)","85","672","13500","696","13500","622","13500"
"(2.5208813464775366, -3.7123757034192555, -3.3772702825771397)","(9.088919547619508, -3.3972490934769244, 4.192066016811076)","86","7439","13500","7589","13500","7491","13500"
"(-6.79743070046568, -6.35410938208514, -0.11932108439521848)","(-1.4973699639025781, 7.2092090816308065, 3.7252236437105006)","87","719","13500","599","13500","486","13500"
"(-4.613707764736524, 4.979906112867835, 2.37826259284373)","(7.814903285482664, 7.064579631045081, 3.65810160511178)","88","7209","13500","7286","13500","7320","13500"
"(2.714739257564787, -5.487811125577754, 0.6948429574598884)","(-6.991498550635729, -2.991464710297043, 3.6113555507295994)","89","7511","13500","7476","13500","7454","13500"
"(-1.341458265422907, 4.828142824155162, -5.844219054734552)","(-1.8303179522002555, -8.7735159244394, 3.7232401571674196)","90","564","13500","618","13500","608","13500"
"(-4.175624280014316, -8.333703688059703, -1.5380954415611334)","(3.845195099090864, -1.86678103080866, 3.5901101711116783)","91","218","13500","145","13500","68","13500"
"(5.959314385202411, 5.127348568789275, 6.024446452071635)","(-0.3322590801612879, -7.9521904304643805, 3.811455249570857)","92","855","13500","923","13500","1019","13500"
"(-3.762422685062596, 3.846739999396946, 4.8918472702040745)","(-0.07956774462169491, 1.6804679023705678, 4.289244398128128)","93","100","13500","92","13500","68","13500"
"(0.9632953503506887, 6.160322416332956, 2.054864443301467)","(-6.726409845913491, -5.550510442632963, 4.420565812383116)","94","792","13500","780","13500","888","13500"
"(5.49080420386639, -4.619950743363047, -5.100612853359646)","(-9.172715602106287, -7.371960078468112, 4.360152118906595)","95","7174","13500","7141","13500","7281","13500"
"(6.078676024081242, -0.13062547927656654, -5.719342506898833)","(-2.78883912516706, -3.385086062164275, 3.613291592485341)","96","144","13500","64","13500","6","13500"
"(-3.1016589305973263, 2.098268244192234, -4.6266303158714335)","(9.991269561306666, -2.0876551162738455, 3.78298957074165)","97","812","13500","888","13500","1016","13500"
"(-3.573269219952555, 3.101704435087233, -5.2309511262526875)","(-6.244341894848871, 9.01599884658306, 3.864194114404788)","98","7680","13500","7652","13500","7664","13500"
"(0.3774857027832421, 5.081334879664132, -6.382449112135572)","(4.960782320362984, 3.3758281091518114, 3.8985762767781256)","99","597","13500","519","13500","514","13500"
"(4.236318622767721, -4.66715908614608, -4.594791697756503)","(-1.072758690814517, 2.72282208367092, 4.422497590060249)","100","182","13500","89","13500","90","13500"
"(-5.746985155441868, 6.794109501909199, 3.7102545589118594)","(4.604210931453148, -3.0411137915822195, 4.2385186007701146)","101","358","13500","491","13500","576","13500"
"(-4.810399011959711, 2.9722288168807967, 0.5280584548437753)","(9.966968726241184, 4.716300765252399, 3.9739055054010235)","102","7298","13500","7234","13500","7381","13500"
"(7.6446907923464025, -5.658954960088162, 2.0721137334819546)","(7.88892749384231, 4.6353336580677755, 4.12804628934988)","103","678","13500","785","13500","784","13500"
"(-4.898799632658858, 4.702334884449768, -4.9760927547137435)","(1.2543260583773748, 1.2200140442633902, 4.161573626806362)","104","134","13500","119","13500","52","13500"
"(-5.576542745371556, 0.7597994723577076, 7.916527394216577)","(-8.980354536683034, 0.9089042793217157, 4.493837854153166)","105","358","13500","386","13500","364","13500"
"(4.928904586452334, -3.203281652173655, -5.691829017550639)","(-1.6412552623666539, 7.472166470911333, 3.789188489136713)","106","360","13500","376","13500","344","13500"
"(-5.592091097414037, 1.4578133905346515, 3.80257731602232)","(2.950343107089836, 8.218834873771932, 3.8603496616104795)","107","6864","13500","6937","13500","7158","13500"
"(-4.027367853338311, 1.8672134848284523, -1.4444682280861658)","(-3.9537036187064505, -2.374264671997439, 4.331520375295981)","108","7564","13500","7541","13500","7567","13500"
"(-7.606052064086022, 3.196215312274696, -4.468941447450977)","(-1.9161254204291485, -1.121514212278008, 3.8217138967570614)","109","175","13500","117","13500","94","13500"
"(6.5085300786765785, 5.863861055832227, -3.771925681535417)","(9.143998589767335, 0.17408632430909243, 3.529395737918477)","110","736","13500","790","13500","927","13500"
"(3.3406387985406947, 3.9182375443362285, 1.4575518398787712)","(8.334229440084332, -5.2713592094676525, 4.11051243567915)","111","7072","13500","7217","13500","7318","13500"
"(3.8887705570117035, 3.872651150828253, 4.186808020002902)","(-7.501953228641744, -9.698579831310884, 3.593065714749732)","112","7553","13500","7649","13500","7721","13500"
"(-6.158392478536139, 0.5447375012464558, -5.121747886587222)","(6.1154951175290435, 4.318533968498235, 3.516365315546088)","113","552","13500","502","13500","406","13500"
"(-1.4956379702754927, 2.999304152789293, 4.336374087253659)","(1.8363777665776286, -7.751936591921089, 4.298004645296327)","114","7217","13500","7269","13500","7217","13500"
"(-4.228183646362735, 1.0912342446033825, 3.5526949163644)","(9.89010269500951, -6.034798853914463, 4.227746227739228)","115","7544","13500","7658","13500","7728","13500"
"(-2.022005156926926, 0.9146259595332331, 3.8934616436005975)","(-5.168603165190666, -0.15594523511392744, 3.917668671354011)","116","486","13500","476","13500","428","13500"
"(6.068631359245405, -0.6104604963114044, 4.22682044674758)","(0.05130680957629963, 8.550985957104729, 4.063452760643039)","117","4050","13500","4255","13500","4608","13500"
"(-4.39197990186564, -5.924572147603168, -2.919213655855935)","(-0.0037574704454144126, -7.925279332681723, 3.5621485203460983)","118","666","13500","784","13500","877","13500"
"(-5.7256951668074825, 5.800169353813454, 1.9422098767266298)","(-9.03232109884778, -2.09431751897875, 4.133087202555354)","119","724","13500","824","13500","886","13500"
"(0.6054903039308722, 7.409623136318561, -1.5628844584915704)","(-0.6083553788598444, -9.122705167055564, 4.441064659062688)","120","494","13500","574","13500","620","13500"
"(7.314921684122868, -2.2600419579037085, 6.044226841537821)","(-8.847506152105467, -7.1457265894871185, 3.6799903207952918)","121","7256","13500","7315","13500","7293","13500"
"(-3.0361184384371116, -6.601686611169108, -2.827211539454324)","(-4.064420205997415, -5.922440224950625, 4.1378126856573445)","122","450","13500","643","13500","850","13500"
"(-6.93271321030373, 2.9099840761809177, 2.1572675027711847)","(3.2790083481102172, 3.9413176303151065, 3.7900632360196327)","123","696","13500","726","13500","794","13500"
"(4.198603841843743, -7.063403923385852, 5.325378053492108)","(3.2305929312729535, 3.1507929400091506, 3.583696632877772)","124","274","13500","207","13500","138","13500"
"(1.812446005083017, 2.674915702283031, -9.41500112777269)","(4.74281930392606, 4.433872746349966, 4.261470779712429)","125","586","13500","500","13500","468","13500"
"(1.3611217207495983, 5.345909306613655, 0.25353579695242334)","(6.661325621336147, -7.377182983697377, 3.897469903024681)","126","7330","13500","7288","13500","7314","13500"
"(-2.738036312099483, -4.454018857272212, -5.969211017877605)","(3.862699799027986, -5.037284746382067, 3.8700042117568607)","127","610","13500","693","13500","724","13500"
"(-4.351006266288305, -3.714320606076853, -5.150887630584172)","(-0.8157830850905086, -2.407450368973773, 3.946779405979701)","128","151","13500","119","13500","62","13500"
"(4.9765683272536645, -0.8118995028202182, -4.985196679930244)","(1.8846284464741778, 2.6473655580840862, 3.938926608206602)","129","216","13500","123","13500","76","13500"
"(3.358808204998972, -3.691059409766847, 2.816311226806332)","(9.870581703901212, 1.4744865565658145, 4.460111226245932)","130","775","13500","870","13500","918","13500"
"(0.1987827734972164, -0.408696961409285, 1.9460525604314813)","(-5.288069744602064, -7.737243888938437, 4.48359407984586)","131","7198","13500","7122","13500","7170","13500"
"(-1.7205116004154621, -3.599563468593553, -4.145526221043457)","(4.651759627537672, -1.9774951127306721, 4.398291081815237)","132","659","13500","521","13500","468","13500"
"(-0.3576510264082686, -2.800307216058359, -2.020083770332096)","(-2.9705597323907433, -6.024768170299913, 4.298459879165384)","133","7432","13500","7584","13500","7541","13500"
"(-2.8341411067727016, 5.513474505542067, 1.3693085942565613)","(3.043695797126089, -5.818027387792249, 3.7707489385111628)","134","484","13500","656","13500","634","13500"
"(-6.478423980971377, -6.925793342508837, -1.2901948798264413)","(-4.194432564923893, 7.977388244283976, 3.7889076592602144)","135","834","13500","861","13500","942","13500"
"(-1.0940206493436557, -5.384800894343178, 4.951752218350183)","(-5.909613174774801, 9.315732947021363, 3.8696295166689256)","136","7337","13500","7397","13500","7278","13500"
"(5.073451371930732, -6.476243988110691, 4.117738607442446)","(-1.423925494689918, -9.828084210751417, 4.285234205160479)","137","600","13500","736","13500","842","13500"
"(1.9159813069625986, -5.684870016154675, 5.579402609578914)","(-3.7018488476017524, 0.5686937637409564, 3.9624805995444334)","138","220","13500","142","13500","124","13500"
"(-4.524388714683123, 4.610348202069107, -4.909173847684985)","(-2.2033422195558288, 1.766528703035764, 3.7267294200274375)","139","125","13500","150","13500","20","13500"
"(2.488951770895608, -5.531994075693279, 4.748904113975928)","(-8.859705011156054, -1.168052759937094, 3.803492710819103)","140","7117","13500","7198","13500","7312","13500"
"(-3.8777378825601434, 4.4528913199729905, 3.814401259230706)","(5.116657924926024, 8.46939459869634, 4.203661536720321)","141","828","13500","918","13500","952","13500"
"(-6.325109519770556, -2.8725400927144062, 6.954419613078052)","(-1.0007918254593946, 0.3398352620843177, 3.911842826551915)","142","58","13500","22","13500","0","13500"
"(-4.962747386254679, -0.11067229921078263, -3.270142586306215)","(-5.2727506252829315, -9.174170414693961, 4.097027253596108)","143","7018","13500","7041","13500","7006","13500"
"(-8.03029279253685, 1.8862097709040584, 4.32178282388661)","(2.8228448679369045, 3.030037186264, 4.067642883811359)","144","606","13500","576","13500","520","13500"
"(-3.3333056943995634, 1.2825513661470476, -5.555288771896324)","(-3.275663862523002, 4.182119467156927, 4.112665677271387)","145","520","13500","515","13500","527","13500"
"(2.707462954054215, -4.884925750402275, 0.5177661457483426)","(7.393542906846548, -6.327277505078335, 4.137565727206889)","146","792","13500","885","13500","988","13500"
"(-7.646950990475358, 4.987026261271332, -3.6135883326615335)","(-9.530208748195596, 7.446034827625766, 4.392239451064593)","147","732","13500","818","13500","1008","13500"
"(5.930247737680775, -3.981602009820487, 2.6108680960621005)","(-3.91636034373329, 2.731654827212111, 3.969591162998382)","148","511","13500","629","13500","812","13500"
"(-7.553289022756074, 0.8456792963767286, 4.672174523971438)","(5.835114609373367, -2.7846078300432664, 4.491136949687943)","149","677","13500","732","13500","914","13500"
"(3.9122541568477813, 1.3334565767327755, -6.8500902356343)","(-7.5311961266945175, 3.050785200349022, 3.6548038063320423)","150","626","13500","650","13500","570","13500"
"(0.7572799536576529, -9.348840793926264, -0.4864678927988897)","(0.3892989898430166, 8.25630300681346, 4.017486456767696)","151","336","13500","406","13500","394","13500"
"(1.7763763519640843, 8.415446365665101, -4.787251529217243)","(8.202980335232919, 8.45815543871494, 4.331542672453596)","152","7469","13500","7559","13500","7621","13500"
"(-0.048477610493141816, -3.03641117554586, 2.583428364672299)","(8.715363650029254, 5.841426966238783, 4.080094454120243)","153","7046","13500","7105","13500","7216","13500"
"(-3.6423915202423656, 2.288438231938079, -1.2533491138786979)","(8.591624202565729, 5.485372443517392, 3.8001526750413577)","154","7182","13500","7176","13500","7227","13500"
"(-2.2576457457018106, 3.1514469999063435, -8.141612892606489)","(-8.071045916219584, 3.149342840124918, 4.44993037231236)","155","6733","13500","6984","13500","7364","13500"
"(1.000891769871133, -1.6754849009050048, 4.848165911955951)","(6.534749375984195, 4.695823026419996, 3.6392582512218397)","156","844","13500","911","13500","983","13500"
"(-4.688810501206424, -6.256162889776233, 0.35201144737044976)","(6.243739360497024, 7.380910621356453, 3.749189124286371)","157","600","13500","730","13500","828","13500"
"(1.0533136287737117, 7.352392254350535, 5.6377492571199035)","(-5.434421923212978, 3.3132774890780343, 4.058314482602519)","158","569","13500","524","13500","468","13500"
"(3.677043735939675, -1.288326808652064, 6.652685720829809)","(4.386961774936605, -0.5854014141790209, 3.746992214247249)","159","224","13500","99","13500","34","13500"
"(-4.995542952824577, -0.06861475437761225, 1.9779905019546573)","(-0.3653602633573705, -7.381745997601936, 4.321454057421624)","160","6903","13500","6998","13500","7192","13500"
"(6.984824462392073, -2.6834971997135586, 2.4690657401247664)","(1.5058286777044998, 4.669417560418566, 4.187415381230282)","161","669","13500","614","13500","639","13500"
"(-6.6486487722596515, 0.6124909424125512, -1.898887314202754)","(9.591553969856282, -5.266294550554839, 4.398879103882635)","162","780","13500","880","13500","1008","13500"
"(-5.991737750288909, -6.456223704839895, 3.6057193064833033)","(-8.345458307533908, 1.0762402236130892, 3.6248784477392677)","163","624","13500","630","13500","592","13500"
"(1.3946140484081275, 8.459761421973713, -3.933810121313556)","(-7.264949656958848, 9.854933553997054, 3.7959524200135926)","164","7468","13500","7446","13500","7483","13500"
"(6.89479963142868, 6.913696329710681, 0.1719011277476893)","(-2.2762268038358897, -4.164994153887676, 4.3652080113027)","165","276","13500","359","13500","303","13500"
"(7.960273016016024, 0.7787697506512764, -1.6077424327636327)","(-0.5605295975201585, 2.0945428562433506, 3.792816596289648)","166","438","13500","352","13500","201","13500"
"(-3.074019302735935, 1.7882833253558206, 9.228105938262908)","(6.1427725529963695, -7.330311797475321, 3.849169863574554)","167","6906","13500","7112","13500","7294","13500"
"(6.120006486538424, 4.213028701416303, 4.126849944812192)","(6.640244833054766, -3.922328134087552, 3.8998298930817645)","168","688","13500","643","13500","584","13500"
"(4.896790766836212, -6.651052230903183, 3.930674313872201)","(9.735686576422808, 6.276220919977469, 3.901465820211406)","169","7103","13500","7210","13500","7305","13500"
"(0.5627614565944529, 3.8736393599717327, -3.447033026199204)","(-4.345213160178996, 2.8392073631612043, 4.14840656071423)","170","687","13500","742","13500","747","13500"
"(-5.137158212625378, -1.1215860863203122, 1.694501297046372)","(-6.5193303942583025, -7.218460435454215, 3.928244992554956)","171","780","13500","890","13500","974","13500"
"(-5.366888121449161, -4.902385241113064, 1.4033689823793614)","(-2.094440358257783, -1.8652165421866904, 3.6010845331058308)","172","156","13500","197","13500","72","13500"
"(2.783441769569254, -7.636252301354577, 5.644298818805672)","(1.9113604095297454, 2.631481223576573, 3.815607429300691)","173","345","13500","231","13500","170","13500"
"(0.09347693332479355, -2.807169363682193, -2.724758833457667)","(6.674682720815952, -2.2522286365290096, 4.272826560412427)","174","6856","13500","7071","13500","7285","13500"
"(-3.563368578134643, -7.978208270160181, 0.9521111734287535)","(4.967974304894, 0.6638440198916697, 3.5069046533995016)","175","637","13500","469","13500","455","13500"
"(-3.620780927951897, -5.118800094338342, 6.260841226078666)","(0.7738302682962548, -5.620543105807809, 4.2778943448230216)","176","401","13500","360","13500","259","13500"
"(5.153925352303816, -3.001217532550752, 6.736337010081861)","(-6.458004349674944, -0.6077136667595173, 4.437954883927154)","177","7353","13500","7355","13500","7537","13500"
"(6.433399115954887, 0.9259788101180393, -5.143788490685271)","(-1.3717317558522382, -7.572408120833797, 3.5868347485930996)","178","660","13500","807","13500","828","13500"
"(-3.1432755700247856, 7.372423575081288, -2.4807158715538584)","(-8.595352018702364, 3.04247982253524, 4.3201197609183)","179","6478","13500","6789","13500","7036","13500"
"(-7.334259175615756, 0.903755159473261, -2.4089934348266437)","(-7.329525964230321, -1.4078049264463033, 3.9881912271779836)","180","623","13500","734","13500","852","13500"
"(4.320789082714118, -4.448805217361943, 4.637328906560968)","(4.704453102446655, -0.8384389581081919, 4.458355341497789)","181","380","13500","322","13500","316","13500"
"(-0.018650199865857944, 9.055652380607492, 0.9605689779008317)","(7.224580878748171, 6.1282704804179815, 4.303424579193382)","182","803","13500","864","13500","981","13500"
"(-7.571854705693767, -5.102223025852777, 0.7632345929752224)","(-2.7985597113653533, -8.63060991562106, 4.068179077180271)","183","736","13500","870","13500","996","13500"
"(5.076950913773819, 0.6622100816603843, 1.155510660455938)","(-9.37236424244375, -1.3001541516953878, 4.069392719732141)","184","6983","13500","7110","13500","7327","13500"
"(-4.0061209474047335, -4.164514902442327, -2.324717878600358)","(2.1811687285036907, 4.257477580214308, 4.340574007666479)","185","393","13500","471","13500","430","13500"
"(5.098647474519635, 4.551629844454239, 0.11170174311296478)","(-1.4427579519788303, 3.6807176286812293, 3.9285730225391426)","186","710","13500","781","13500","722","13500"
"(-0.7260222815403494, -5.2640026253437515, -4.184567402261561)","(2.2981839902840395, -9.074646801035765, 3.864791877405535)","187","7582","13500","7776","13500","7624","13500"
"(-4.042702344663609, 3.370816869437506, -1.3509155381706934)","(-3.985381310824458, -4.811221980342896, 3.8290753779052342)","188","7299","13500","7256","13500","7329","13500"
"(2.580522922250784, 2.7018574559541073, -2.9294832498632393)","(1.4463841074680985, 6.4977731848378575, 3.5683248855418173)","189","7264","13500","7333","13500","7401","13500"
"(-5.278476278848105, 4.917121445186693, 5.199792953636402)","(-3.7730027269113435, 4.012702747819681, 3.9314897095393313)","190","323","13500","293","13500","74","13500"
"(-2.555903639162523, 2.5652468607652112, -8.911608197263993)","(8.522934071498582, 4.98128218004023, 4.163168994878177)","191","862","13500","992","13500","1022","13500"
"(-2.9922790011715192, 3.367466227428349, 3.879886767359141)","(2.999288373876807, 1.139913425895081, 3.7049433125042412)","192","454","13500","472","13500","434","13500"
"(-3.385950697902097, -2.1988636295950905, 8.527448583276447)","(9.678227226150536, -1.5740498274972143, 3.599720660931662)","193","7312","13500","7224","13500","7183","13500"
"(-4.233180523114428, 2.270102696499489, -8.021682166042417)","(-5.0697074679146255, 0.5216359815874245, 4.012091279479603)","194","553","13500","632","13500","594","13500"
"(-4.256593552156642, -5.637242455965131, -0.17926240522987857)","(0.6403680971807617, -4.289242213002337, 3.6172236737295016)","195","654","13500","616","13500","418","13500"
"(-2.1956790439208183, 9.683597223750699, 0.5621454112671129)","(-6.005155500415675, -1.7242361165695748, 3.6100066481584374)","196","811","13500","849","13500","913","13500"
"(1.960275828032613, 2.8548860554392195, 4.882458073491911)","(4.28488155834286, 1.5540091435580514, 3.9704981452911365)","197","364","13500","394","13500","299","13500"
"(-4.510094565183903, 2.5822623980397093, -3.111492721859482)","(-3.6554975974064474, -2.4496384391024133, 3.707697062475661)","198","852","13500","891","13500","1041","13500"
"(6.4351168512488695, -4.271372921678365, 5.062110412551709)","(0.7509004247881652, -0.08517618844684094, 3.550461690486226)","199","138","13500","77","13500","6","13500"
"(2.7459026179700974, -2.629030253572244, 5.07662385823507)","(-0.03279425576741701, -7.725085365673873, 4.024150369164768)","200","714","13500","769","13500","868","13500"
"(4.310423841335989, -2.6948438131363632, 1.3513325604784465)","(1.8922452640528178, -8.113024630692134, 4.15296950734641)","201","766","13500","838","13500","932","13500"
"(3.2355566452151785, -2.1814266669755016, -1.540148729241694)","(5.106023479702188, 0.5721260719047905, 3.5941869516758964)","202","5404","13500","5681","13500","6007","13500"
"(-1.6526208830762856, -4.0710180085553445, -0.20996114593148318)","(-0.8449908999963274, 9.465658074109417, 4.461976454243868)","203","7476","13500","7401","13500","7499","13500"
"(3.47858698226061, -5.3330021526834255, 5.886335318445019)","(-5.146904841157918, 3.560119442164254, 4.465069837236828)","204","7674","13500","7721","13500","7651","13500"
"(-3.164503090897395, -4.850505053626976, 5.366848283687694)","(0.039617988721989406, 0.5479258503312767, 4.030536672356043)","205","255","13500","181","13500","118","13500"
"(-2.945397527281661, -2.6582045914203767, -0.2954895045003287)","(-8.063868164317253, -3.167544883444857, 4.029764919932627)","206","7505","13500","7525","13500","7533","13500"
"(4.450477550131069, 4.778440039556041, -3.8674087577224125)","(-4.884637331979416, 2.895185470687311, 4.32706633900349)","207","623","13500","592","13500","570","13500"
"(-4.565195814992882, 0.5710438327331665, -2.7059942669046317)","(-8.445641010564493, 1.482961775428242, 4.431551187436158)","208","7632","13500","7707","13500","7687","13500"
"(-0.9163644096092689, -1.1037256789268381, -1.2051163309813224)","(-8.77471844084133, -5.7195182247259435, 3.6479784040854226)","209","7276","13500","7289","13500","7242","13500"
"(8.288623206386946, -2.2446162925545687, -1.2316539077472481)","(-1.7553162560036988, -3.2064674284283505, 4.381483821008189)","210","573","13500","562","13500","583","13500"
"(-2.5960250138431435, 8.084429902176822, 2.749334496371391)","(0.885222840911954, 8.718447170539037, 4.1180439702284)","211","666","13500","778","13500","812","13500"
"(3.0205695168405304, 3.9464847000105743, -3.202103497982185)","(-8.360745028996558, 4.7252419918736255, 3.888900906220894)","212","7020","13500","7123","13500","7284","13500"
"(-1.8918425302737705, -9.5209053853707, -1.0215458350141768)","(-1.9937047024980679, 4.844464276797037, 3.9688897744321676)","213","462","13500","413","13500","324","13500"
"(2.4018430209336996, 3.577426959934166, -5.986927627324137)","(7.219792986680741, -0.040552892792046435, 3.831263471576233)","214","6806","13500","7032","13500","7393","13500"
"(6.4586454757916325, 2.976365939511172, 6.63449119791294)","(7.2424225068005335, 3.714825098610694, 4.2624077183618345)","215","622","13500","622","13500","526","13500"
"(1.3801947160063177, 3.230203493210796, -8.727103987606212)","(-6.173347810920293, 3.4807181407118986, 4.096181352487281)","216","647","13500","617","13500","510","13500"
"(-0.31510238082505704, -3.5381991953798986, 3.5742276509393593)","(-1.7163182110800594, 3.3013991257602733, 4.309064766060426)","217","670","13500","778","13500","874","13500"
"(-3.362882094817291, -4.317546357434529, -7.561489020134845)","(-7.584652912658454, 9.410208212237496, 4.14129762944281)","218","7154","13500","7153","13500","7166","13500"
"(4.432384935412287, 5.818521022643919, -5.527763473459468)","(-3.3286954324641, -8.634930839809819, 3.844005681763873)","219","723","13500","784","13500","801","13500"
"(-0.5697568900906339, 4.761381846432504, -6.365465504150983)","(-3.028568155205993, 6.573022171630129, 4.266030893012231)","220","7449","13500","7581","13500","7397","13500"
"(6.7986602112327175, 1.3482473282161413, 3.569586497604365)","(8.73928420322289, -2.713811425926722, 3.59718930045055)","221","612","13500","748","13500","849","13500"
"(7.002409725233073, -6.9217091364810726, 0.2928446868597578)","(1.3236906321668158, 6.794812116548936, 4.104675840603169)","222","731","13500","683","13500","631","13500"
"(-0.17151639451535794, 6.8274874154639305, 5.663255656653451)","(-7.522071899381468, -8.292911994707111, 3.753032956658852)","223","7419","13500","7392","13500","7431","13500"
"(6.539687704786437, 2.1916895373174934, -6.073899312397153)","(-4.1230836070677075, 3.8578834044356327, 3.6972856489079566)","224","431","13500","320","13500","213","13500"
"(-2.700277151234067, -3.3089722444425727, -4.723196071127398)","(5.399545869974155, 6.64153213548596, 3.565097816529195)","225","705","13500","805","13500","847","13500"
"(3.3269162194123494, 6.317835061552028, -1.0465579726151917)","(-8.655596087413533, -0.21739214368463067, 4.460958713890624)","226","4011","13500","3858","13500","3675","13500"
"(6.959271637787844, -5.075904400516348, 4.5772462185663905)","(4.4864603399618765, 2.5488146127954145, 4.011148658144335)","227","467","13500","341","13500","244","13500"
"(-3.1824859426590146, 3.888594956569976, -8.626609254348887)","(-6.495423287517987, 4.251400987992753, 3.961201474167445)","228","7140","13500","7203","13500","7374","13500"
"(8.048029603177831, -0.49497226089426016, -5.09926782750264)","(4.995673696837109, -6.2656722378942025, 4.330804290544025)","229","6965","13500","6994","13500","7130","13500"
"(7.992406682572186, -1.7383277936924146, 2.7688197873977747)","(0.6939266963629152, 6.8754636052842635, 3.962292306082443)","230","782","13500","860","13500","896","13500"
"(7.090389777695811, -5.961179038819258, 3.758132516762038)","(9.628471516332876, -8.088432918062662, 3.98225077514736)","231","779","13500","850","13500","1004","13500"
"(-1.3735771501843883, -2.526632991499769, -1.9545753374751973)","(4.433219661741791, -0.6896509416698589, 4.400553646100556)","232","840","13500","878","13500","816","13500"
"(4.602879181524707, -3.7279193416290886, 1.241834175536131)","(-4.750845641893666, -0.7368050892977678, 4.2347615443268145)","233","849","13500","867","13500","995","13500"
"(1.1151751877504286, -3.6592892748296975, -2.7599049481280424)","(-4.620195505061235, 6.865201848306118, 4.49685997017599)","234","912","13500","1048","13500","1062","13500"
"(-3.816412766463004, -7.817714838951199, -1.8437662150164804)","(-8.006149948179262, -3.5986779709994714, 4.088628431170968)","235","761","13500","818","13500","900","13500"
"(5.567916713788745, 3.4451888233447203, -6.2339967228765705)","(-1.8334764334628382, -7.996440833004945, 4.113541572155274)","236","618","13500","656","13500","718","13500"
"(-1.333067069169896, 2.6622743736190326, 0.9016061620499106)","(-2.3727593557920734, -0.44347779691844025, 4.457883093912779)","237","834","13500","878","13500","1009","13500"
"(2.980859650684681, 1.4770921263986097, -0.6069878783497601)","(-3.806211473332084, 8.074812637110668, 3.9746942635459828)","238","7425","13500","7230","13500","7429","13500"
"(5.410328317718305, 4.395401518754597, 3.826116054481932)","(1.91433916609245, 5.439764500070405, 4.068217249655051)","239","321","13500","374","13500","382","13500"
"(0.49041208115818713, 1.0474805754272496, 3.879530501165184)","(-2.128418260090317, 9.1239670884733, 3.9643160450857957)","240","7187","13500","7140","13500","7168","13500"
"(6.0893485585736595, 4.566658147541606, 2.3537128982239084)","(6.920210179559948, -8.352948999231657, 3.623681393222669)","241","7104","13500","7093","13500","7114","13500"
"(-3.640987430021397, -4.497281115701658, 6.925257984362465)","(-1.8286877880503027, -2.205523894608186, 4.420763172015391)","242","208","13500","162","13500","172","13500"
"(8.803789474210255, -2.9741800286557893, 0.9963972744434003)","(-0.21052049809007833, 9.615406513105032, 3.9557435602607898)","243","6979","13500","7125","13500","7274","13500"
"(5.64854352699427, -0.24843776108756294, -6.556087781401064)","(7.1620103431885695, 0.25034881973108725, 3.5846688654896854)","244","7625","13500","7680","13500","7600","13500"
"(6.423087799363651, -1.4352038636301925, -3.2929444924200464)","(6.254551117767225, 4.622920723668649, 4.13597821188101)","245","7351","13500","7394","13500","7323","13500"
"(-1.7432991102748774, 7.76707323200376, 0.3039247925890546)","(3.8316245827121076, -9.900790011767453, 3.779788494984312)","246","748","13500","814","13500","988","13500"
"(-1.4146786364650727, 0.5442234517684579, 8.92863087143318)","(4.6694166858995025, -6.415822486861229, 4.4440795155348525)","247","836","13500","892","13500","846","13500"
"(6.9098620554428285, -5.193743092746863, -4.522133514626585)","(0.1713765988514595, -5.182604718022661, 3.931325891407762)","248","738","13500","771","13500","960","13500"
"(3.1274407524651546, -3.4156853952391373, -6.611570347008063)","(-0.6124344189098458, -7.609058522591612, 3.577832869217526)","249","7266","13500","7345","13500","7426","13500"
"(3.7361776202397237, 0.2497038504553365, 7.091777982790259)","(-0.1579088124044894, -1.9898937415460072, 4.236917287081914)","250","200","13500","191","13500","102","13500"
"(-0.9803652269584037, -3.887739473571792, 3.7067878973519344)","(-6.241972251119163, -9.595320373978026, 4.42491216501989)","251","7366","13500","7448","13500","7537","13500"
"(2.253447722586825, 3.14972826232056, 7.931997776571022)","(-1.8095839727800964, -6.04396480730681, 4.092547973979087)","252","789","13500","872","13500","884","13500"
"(-3.6859148062468603, -2.625686458436117, 6.777974133627015)","(-4.417989945115821, -3.583511574131471, 4.369258402492047)","253","569","13500","478","13500","438","13500"
"(0.445794082323579, -5.2069978836033615, 2.9600908188792436)","(6.515534977052027, 7.757376601852563, 3.6674674886709857)","254","7344","13500","7392","13500","7343","13500"
"(0.7319654065456462, 1.4657583880909175, -4.166005877967497)","(-2.0478582909828003, -3.0505975998211454, 4.428769095363148)","255","649","13500","644","13500","582","13500"
"(0.034447866130523974, 9.086277054080666, 3.9857021173890015)","(-4.821804957461682, -9.34488364074686, 4.403100046456149)","256","7568","13500","7632","13500","7684","13500"
"(-4.85073558581062, -0.5094704356863903, 1.97347526697621)","(-3.2275386613304065, -1.5213819006428189, 4.175297941522908)","257","433","13500","588","13500","592","13500"
"(-0.6823248729232884, 8.812540003774602, -3.047643133799784)","(8.942418248068684, -9.294469739339963, 3.516706908089378)","258","7521","13500","7406","13500","7572","13500"
"(1.8546233718293597, 1.5802534683042393, 5.325396204777237)","(3.5022268701644883, -6.444152976977742, 4.369464382324004)","259","4466","13500","4764","13500","5071","13500"
"(7.866839009291198, 2.091472121201791, -1.2759010540230287)","(-0.9642832928090783, 2.5785308964396556, 4.259467604192359)","260","605","13500","553","13500","525","13500"
"(-7.3818628258166425, -5.518184102059817, 2.949854979662698)","(-8.160449634683726, -9.074034459228633, 3.765458725744995)","261","734","13500","838","13500","992","13500"
"(6.008449351799509, 1.931571673390707, -5.039231340478411)","(6.927203035724972, -8.991971677688163, 3.680855442577234)","262","7383","13500","7193","13500","7310","13500"
"(1.0126742264193922, 3.639068667257759, -2.518802631707931)","(-1.0688386763704987, 8.868394684864644, 4.232902455944388)","263","7490","13500","7699","13500","7551","13500"
"(1.4630607318835742, -2.461240599358527, -0.2829709415684615)","(0.27775041172268367, 2.1643412129713635, 4.244400809860473)","264","7326","13500","7220","13500","7351","13500"
"(4.438769759093346, 7.924292460923139, -1.6204589589264502)","(-7.313609859046812, 9.643112398887471, 4.0231469267776525)","265","7291","13500","7345","13500","7272","13500"
"(-4.7789936493427705, 6.915984426369207, -5.2892339495078575)","(7.673521700258416, 2.190728212662078, 4.074695602781153)","266","752","13500","816","13500","799","13500"
"(-5.474962875921454, 4.068836225459246, -0.3758442667049202)","(-3.6184030971837133, 2.3880218900943646, 4.367591624378055)","267","528","13500","642","13500","794","13500"
"(-5.676397900945633, 2.707426690932239, 0.2037482619471008)","(-6.103081177780885, -4.423306572130112, 4.36576982709945)","268","7148","13500","7206","13500","7306","13500"
"(-2.4975186974195096, 4.031555764166108, -5.121826104448301)","(5.654520590721043, 1.6759947790765128, 3.7497075186259017)","269","666","13500","568","13500","495","13500"
"(5.204978242149137, -0.7568398278191991, 4.4400836751555515)","(3.663918648905277, 2.340717900442808, 3.808539649966702)","270","462","13500","402","13500","276","13500"
"(6.097480052417524, -0.32902816100857507, -0.918813887694256)","(4.4654588123306915, -8.842784420804545, 3.627792274681396)","271","7181","13500","7237","13500","7150","13500"
"(-6.578744816740139, 0.39828131014480145, -4.3688384999745224)","(-2.522843538173989, 0.9950700488200575, 4.092225760149776)","272","695","13500","724","13500","597","13500"
"(4.760166386249342, 6.586494261070951, -4.576535210793576)","(-2.4535866555927432, -9.782503388923384, 3.9688250291599987)","273","784","13500","886","13500","1020","13500"
"(-4.694741455622423, -2.8677172209785993, 1.3545410989921032)","(-2.0905244042906457, -4.153950659586969, 3.974185629624138)","274","562","13500","626","13500","692","13500"
"(2.6747255417862386, 4.518804290298787, 3.418037053741071)","(2.886254321515139, 5.434363544952577, 3.7458482147785617)","275","666","13500","659","13500","588","13500"
"(-0.9312622249998874, -1.0551992474714205, 0.1418525978658586)","(3.4971592444553927, -6.966760178196054, 3.5950502496116736)","276","7130","13500","7154","13500","7160","13500"
"(-3.6241213456648382, -8.678647233484204, 0.14307598278602487)","(5.150553907565634, -3.31126987854854, 4.448941639778042)","277","2966","13500","2610","13500","2323","13500"
"(-5.105513143934975, -4.667100013682883, -5.354940414011759)","(-8.495280630514817, -7.525915871464354, 3.965616454185019)","278","7618","13500","7788","13500","7727","13500"
"(0.20255580646760743, 3.3225426891053282, -8.311275169240627)","(-6.051216730612623, -3.2588141183547847, 4.344577980906002)","279","710","13500","747","13500","662","13500"
"(0.8959545948620398, -0.8413137946035655, -0.8028258067566533)","(-2.2001441463028133, -6.250040561148729, 3.6684619034939647)","280","7575","13500","7389","13500","7471","13500"
"(0.29589605129208796, -6.203449044820406, 7.349457947516891)","(-9.431692114997858, -5.476060821578832, 4.388822633083711)","281","7380","13500","7421","13500","7253","13500"
"(6.7713645492975925, -0.5427332810773952, 2.375497180309798)","(-8.243100381763139, 7.748793195355336, 4.320214619576609)","282","7408","13500","7457","13500","7482","13500"
"(-7.920377923443096, -3.737260412634002, 2.891364691966941)","(7.128457960702008, -3.544037195222291, 3.661775359758502)","283","852","13500","884","13500","968","13500"
"(-4.660624999097836, 0.13757352852141116, 2.6827151748443088)","(0.2794096543354847, 3.8925876284048684, 3.504571917140828)","284","508","13500","479","13500","502","13500"
"(-2.0784021538888706, -5.220275475578642, -6.0502029383694875)","(-8.711511118945012, -1.2038134739208477, 4.169543710746331)","285","7144","13500","7107","13500","7192","13500"
"(-2.821740141700186, 2.2629478998928945, -2.7710864815693683)","(3.9974095283703903, -0.5143262695491089, 3.6026703900930634)","286","518","13500","562","13500","494","13500"
"(5.580920707192574, -5.557825048956928, -5.650072654203499)","(1.7303031972222946, 0.3239891290216317, 3.8878296555578515)","287","310","13500","236","13500","142","13500"
"(-6.671333658865967, -0.6534537563967416, 0.9364245781512569)","(1.7240112051204335, -2.7604774591211996, 4.459040586803481)","288","823","13500","869","13500","926","13500"
"(-5.201485823818369, -3.1198314984363322, -5.070311565805541)","(0.4043071608639952, -0.79672698661685, 4.074064173023088)","289","299","13500","194","13500","126","13500"
"(-5.594959718701144, 1.3728237003973291, 7.119467563110263)","(-0.7601381524236999, -0.3540760325609291, 4.300031633764116)","290","158","13500","78","13500","60","13500"
"(-2.987000887800007, -0.8324488469176713, -0.39904730378867204)","(-9.833065552383172, -9.076189671232855, 4.27158403053941)","291","7471","13500","7418","13500","7286","13500"
"(-2.426719720132547, 3.0419372635769255, -5.741249276701389)","(5.298246496653325, 2.9386748122856545, 4.29222793924237)","292","695","13500","680","13500","517","13500"
"(2.421958440064514, 1.6672979134263086, -1.8153007664693592)","(5.237887040490747, -8.300944331126338, 3.528071987099308)","293","7134","13500","7129","13500","7179","13500"
"(-4.788897109344085, 3.2627560530954227, -2.220253056365446)","(7.937712328048313, -2.97650531959275, 3.9750024741472245)","294","796","13500","848","13500","946","13500"
"(3.9426012615578254, 3.5305142037090893, 4.547093302231958)","(6.461750877881361, 6.422747215859673, 4.4729037676920065)","295","824","13500","915","13500","974","13500"
"(-4.169198002913327, -3.39012748825277, -3.0488858916124313)","(4.655269412612345, -0.25007362718008075, 3.9980658823760606)","296","637","13500","632","13500","538","13500"
"(-3.2125612392705873, 2.4772505193734218, 6.839459490315659)","(-1.980891778838842, 7.869062544792072, 4.460066214956658)","297","829","13500","932","13500","999","13500"
"(3.9062781090771796, -2.4977593678603665, -6.816860160148891)","(-5.71675639969367, 4.493178100119938, 3.9610924656429294)","298","658","13500","656","13500","570","13500"
"(5.510059248561131, 5.295093495028599, 4.346854179624615)","(-2.0040353439477343, -3.8674122805228954, 3.8873928922832137)","299","764","13500","786","13500","947","13500"
"(-1.778801426767778, -8.234285230388869, 3.133343671467703)","(7.910430044326638, -4.208980040283155, 4.062809808459971)","300","7181","13500","7286","13500","7294","13500"
"(-2.8042349364616856, 1.0542882226076007, 5.024807308594803)","(9.572098799316016, 8.138427119947288, 4.246527271649148)","301","7200","13500","7130","13500","7216","13500"
"(-6.590343947577746, -2.958622532690026, 5.667872095304804)","(-9.297202253856092, -8.850624075345166, 4.231618054388619)","302","7456","13500","7571","13500","7627","13500"
"(-2.071704469483684, -2.1288114759225567, -4.286491513946247)","(-8.959324553555028, 4.33890901083582, 3.9254233713283546)","303","7214","13500","7245","13500","7204","13500"
"(1.4656518820056976, -5.543209340800559, 3.873134443130204)","(-0.4267831029017515, -7.677077599855695, 4.0392646586514935)","304","738","13500","778","13500","874","13500"
"(6.802661158474651, -0.18139230999324163, -7.257517470140506)","(-4.92975537937113, -5.596888152192603, 4.467204389922615)","305","704","13500","748","13500","686","13500"
"(5.164290500632471, 4.188092332137302, 6.0386007404451805)","(-1.8406327952464263, 3.3102704417729143, 3.5992153746702993)","306","217","13500","146","13500","84","13500"
"(1.128896385862166, 0.03775316356529975, 1.891914085648137)","(-0.8501422086311194, -3.515505999075595, 4.001618374026658)","307","812","13500","903","13500","952","13500"
"(-3.413172940929819, 6.587350310094445, -4.274483170579685)","(5.241293027285199, 8.677323059613073, 4.17903163958537)","308","7342","13500","7482","13500","7327","13500"
"(-1.884917513500519, 6.23688733187869, -6.293740476817828)","(-5.616553474430328, 9.6365700242353, 4.319272123727423)","309","7517","13500","7691","13500","7759","13500"
"(8.687306504334341, 2.253124715452999, 0.4268936824115399)","(8.610727638741654, -1.1833700282160091, 4.3305830260367975)","310","738","13500","801","13500","938","13500"
"(-4.186826924515315, -0.1376837434996824, 7.11576737233478)","(7.760582155186405, -2.1651664189423236, 4.174525055980059)","311","7275","13500","7241","13500","7196","13500"
"(-7.666158570666806, -0.1703508065617383, 3.55492666059719)","(-5.819242285691979, 0.9823660494473963, 4.060209765568927)","312","428","13500","450","13500","441","13500"
"(1.7818543658887382, -2.9499624146787475, 2.321092662925912)","(-8.276022652116568, 0.9518966034946672, 3.916356887405732)","313","7103","13500","7143","13500","7102","13500"
"(6.7620232098447755, -4.623845012589718, -0.08777171320202441)","(2.326569577694226, 1.2331729666187563, 3.660608056193049)","314","252","13500","298","13500","258","13500"
"(-2.8895051143441055, 7.943834181321509, 4.717362322465975)","(-0.9461755569530723, 1.023844053617955, 4.01894509483118)","315","234","13500","197","13500","164","13500"
"(-2.797002688322915, -4.61148440725945, -1.6514880441574173)","(9.614970457830609, -2.824781170550297, 3.8923703784658525)","316","7036","13500","7137","13500","7216","13500"
"(-3.1092946772723913, 8.319942762665654, 3.379136237080132)","(-1.90925444716218, 3.143850598682027, 3.528753815286512)","317","290","13500","229","13500","238","13500"
"(-5.365192162861112, -7.311882863503143, 3.5557635248116526)","(9.20109232744544, -1.9102174746924874, 3.713478306431688)","318","7013","13500","7097","13500","7299","13500"
"(6.2845598133395075, 5.720681391644094, 2.9642694872166193)","(-0.04342669197574622, 2.5729497236824805, 3.7940591356842415)","319","376","13500","231","13500","166","13500"
"(-3.6288830574502304, -5.187089596014159, 1.748871393588608)","(7.580241301593446, -3.456114141276432, 4.051169612446726)","320","7631","13500","7633","13500","7563","13500"
"(-2.0116739713654463, -4.285933248514893, 6.518868125569906)","(-1.3629884517802964, -5.452828713659805, 3.951656740204201)","321","402","13500","475","13500","409","13500"
"(4.697716407056832, -5.6112837032692315, 4.4719027967839775)","(-2.1052050479442013, -4.678094564875925, 3.892834483159558)","322","501","13500","436","13500","338","13500"
"(-2.042565749683006, 0.9878641489607981, 8.688009835889813)","(6.089301627955521, -6.636662022901705, 4.228041818257188)","323","6812","13500","6983","13500","7218","13500"
"(-6.764719973000999, 6.179128946436974, -2.4721752620189568)","(-9.78748468317879, -0.6802474425142968, 4.171991808398146)","324","7384","13500","7436","13500","7534","13500"
"(-0.9809745006210796, 1.2956878323637726, -1.7711618059528533)","(7.831741448812878, -1.788166163777337, 4.329696451244208)","325","7307","13500","7403","13500","7231","13500"
"(-3.682597792364819, -0.185853234243273, -3.8804307838614167)","(7.138783225290407, -9.819156635919825, 3.733607754691909)","326","7284","13500","7303","13500","7204","13500"
"(3.4243444710548134, -1.6523013788216707, -2.694010139060982)","(-3.4502805135571606, -6.543258065075226, 3.7961150736240756)","327","7168","13500","7322","13500","7274","13500"
"(6.589781133815182, -0.13045311767712078, 6.184896183754181)","(-0.3293102255060276, -9.54506129913409, 3.597896012704439)","328","6809","13500","7017","13500","7199","13500"
"(-4.696442221441111, -5.247355875903176, -5.148947753864708)","(2.8418749717170435, -6.833131826841643, 4.379954044261717)","329","7556","13500","7455","13500","7555","13500"
"(-4.2296735368896705, -4.599164474439893, -0.5671392144739533)","(8.158971119415746, 3.049241316041167, 3.727525267755795)","330","773","13500","828","13500","902","13500"
"(0.09932350233881554, -6.976160164154345, -4.779450357426486)","(4.858313883476521, 9.336720075258963, 4.177764410612509)","331","764","13500","938","13500","959","13500"
"(-4.606789017621154, -7.452157723217131, -3.617547171734161)","(6.891369869645267, -1.7824967007208965, 4.070967901147737)","332","767","13500","823","13500","848","13500"
"(-4.020893642262086, -7.661407082050231, 1.121485834463917)","(5.46998176219153, 4.3929067622687885, 4.383125951945658)","333","729","13500","833","13500","1002","13500"
"(5.7602412257103195, 2.8248758472358477, -5.296228136484665)","(1.8309237315355826, -5.436591347893631, 4.3935396142707575)","334","670","13500","625","13500","573","13500"
